station,river
Red Bank,LMC
Below Brookview,LMC
Pen Knife Point,LNR
Riverton,LNR
Tyaskin,LNR
Above Brookview Bridge,LMC
Below Puckums Branch,LMC
Puckums Branch,LMC
Below 392 Bridge,LMC
Below Yellow House,UMC
Yellow House,UMC
Federalsburg,UMC
Roaring Point,LNR
Ferry Point,LNR
Lewis Wharf,LNR
Chapter Point,LNR
Marshyhope Confluence,LNR
Walnut Landing,LMC
Above Walnut Landing,LMC
Brookview Buoy,LMC
Palmers Mill,LMC
Pump House,LMC
Wrights Pier,LMC
Fooks Pier,UMC
VFW Boat Ramp,UMC
Sharptown,UNR
MD/DE State Line,UNR
North Federalsburg,UMC
Deep Hole,UMC
Quarry,UMC
S. of Rt 313 Bridge,UMC
Railroad Bridge,UMC
Above Deep Hole,UMC
Red 46,UNR
Hatchery,UNR
Green 57,UNR
Broad Creek,UNR
Jack Knowles,UNR
Red 62,UNR
G67,UNR
Seaford Draw Bridge,UNR
ROFO Corner,UNR
Confluence,UNR
Short Cut,UNR
Mainstem,UNR
Broad Creek G3,UNR
Broad Creek R4,UNR
Speed Boat,UNR
Mainstem #2,UNR
Bethel Bridge,UNR
Mainstem #3,UNR
R16,UNR
Mainstem #4,UNR
Mainstem #5,UNR
Deep Creek,UNR
Deadfall 2,UNR
Dead Fall,UNR
